Amanda,Lee,amandalee@hotmail.com,789 012-3456,Amanda Lee
Ashley,Young,ashleyyoung@yahoo.com,234 567-8901,Ashley Young
Brandon,Turner,brandonturner@gmail.com,901 234-5678,Brandon Turner
Brittany,Wright,brittanywright@gmail.com,678 901-2345,Brittany Wright
Christopher,Martin,christophermartin@outlook.com,456 789-0123,Christopher Martin
Daniel,King,danielking@hotmail.com,345 678-9012,Daniel King
David,Taylor,davidtaylor@gmail.com,345 678-9012,David Taylor
Elizabeth,Mitchell,elizabethmitchell@gmail.com,234 567-8901,Elizabeth Mitchell
Emily,Davis,emilydavis@outlook.com,567 890-1234,Emily Davis
Emily,Smith,emilysmith@gmail.com,555 123-4567,Emily Smith
Eric,Ross,ericross@hotmail.com,456 789-0123,Eric Ross
First Name,Last Name,Email,Phone Number,First Name Last Name
Jacob,Campbell,jacobcampbell@yahoo.com,345 678-9012,Jacob Campbell
Jessica,Brown,jessicabrown@yahoo.com,678 901-2345,Jessica Brown
John,Smith,johnsmith@gmail.com,123 456-7890,John Smith
Joshua,Hall,joshuahall@outlook.com,901 234-5678,Joshua Hall
Kelly,Phillips,kellyphillips@outlook.com,678 901-2345,Kelly Phillips
Kevin,Green,kevingreen@outlook.com,456 789-0123,Kevin Green
Lauren,Baker,laurenbaker@gmail.com,567 890-1234,Lauren Baker
Matthew,Allen,matthewallen@gmail.com,567 890-1234,Matthew Allen
Megan,Roberts,megan.roberts@hotmail.com,789 012-3456,Megan Roberts
Michael,Johnson,michaeljohnson@hotmail.com,234 567-8901,Michael Johnson
Olivia,Parker,oliviaparker@gmail.com,92123456-7890,Olivia Parker
Rebecca,Nelson,rebeccanelson@yahoo.com,901 234-5678,Rebecca Nelson
Ryan,Adams,ryanadams@hotmail.com,090078601,Ryan Adams
Samantha,Evans,samantha.evans@yahoo.com,567 890-1234,Samantha Evans
Sarah,Jones,sarahjones@yahoo.com,456 789-0123,Sarah Jones
Stephanie,Scott,stephaniescott@yahoo.com,123 456-7890,Stephanie Scott
Thomas,Carter,thomascarter@outlook.com,678 901-2345,Thomas Carter
Tyler,Henderson,tylerhenderson@outlook.com,789 012-345,Tyler Henderson
William,Perez,williamperez@yahoo.com,567 890-1234,William Perez
